Comm.Bio	Ref.NM	Gene	exon	c.	p.
pol	NM_000546	TP53	4	c.215C>G	p.P72R
pol	NM_006218	PIK3CA	7	c.1173A>G	p.I391M
pol	NM_002253	KDR	11	c.1416A>T	p.Q472H
pol	NM_000222	KIT	10	c.1621A>C	p.M541L
ok pol	NM_000321	RB1	20	c.1967G>A	p.R656Q
ok pol 	NM_001127500	MET	2	c.1124A>G	p.N375S
pol ? (p.Phe858Leu)	NM_000051	ATM	17	c.2572T>C	p.F858L
pol 	NM_000215	JAK3	16	c.2164G>A	p.V722I
pol	NM_000142	FGFR3	9	c.1150T>C	p.F384L
POL ?	NM_005228	EGFR	3	c.293G>A	p.R98Q
zone de repitition ATC	NM_023110	FGFR1	4	c.379_381del	p.127_127del
